model_name,experiment,ablation_variant,scene,row_index,unified_id,event_id,gt_anchor_ids,predicted_anchor_ids,gt_mapped,gt_unmapped_labels,valid_output,parse_status,invalid_reason,single_or_multi_target,tp,fp,fn,set_f1,exact,hit,evaluator_version_or_commit
Qwen3-VL-30B-A3B-Instruct,experiment1,no_hand_strict,scene1,56,scene1::56,scene1_57,"[""building6""]",[],True,[],False,incomplete,incomplete,single,0,0,1,0.0,False,False,git:9354f532c654931c89aafdf52a03ad7c526d1a5c;sha256:d0da7ca2f7437f94
Qwen3-VL-30B-A3B-Instruct,experiment1,no_hand_strict,scene1,351,scene1::351,scene1_352,"[""forklift1"",""building9""]",[],True,[],False,parsed_response_missing,parsed_response_missing,multi,0,0,2,0.0,False,False,git:9354f532c654931c89aafdf52a03ad7c526d1a5c;sha256:d0da7ca2f7437f94
Qwen3-VL-30B-A3B-Instruct,experiment1,no_hand_strict,scene1,372,scene1::372,scene1_373,"[""person3"",""cargo2"",""helicopter2""]",[],True,[],False,parsed_response_missing,parsed_response_missing,multi,0,0,3,0.0,False,False,git:9354f532c654931c89aafdf52a03ad7c526d1a5c;sha256:d0da7ca2f7437f94
Qwen3-VL-30B-A3B-Instruct,experiment1,no_hand_strict,scene1,678,scene1::678,scene1_679,"[""building4"",""truck2"",""forklift2""]",[],True,[],False,parsed_response_missing,parsed_response_missing,multi,0,0,3,0.0,False,False,git:9354f532c654931c89aafdf52a03ad7c526d1a5c;sha256:d0da7ca2f7437f94
Qwen3-VL-30B-A3B-Instruct,experiment1,no_hand_strict,scene2,55,scene2::55,scene2_56,"[""chair5""]",[],True,[],False,parsed_response_missing,parsed_response_missing,single,0,0,1,0.0,False,False,git:9354f532c654931c89aafdf52a03ad7c526d1a5c;sha256:d0da7ca2f7437f94
Qwen3-VL-30B-A3B-Instruct,experiment1,no_hand_strict,scene2,97,scene2::97,scene2_98,"[""chair1""]",[],True,[],False,parsed_response_missing,parsed_response_missing,single,0,0,1,0.0,False,False,git:9354f532c654931c89aafdf52a03ad7c526d1a5c;sha256:d0da7ca2f7437f94
Qwen3-VL-30B-A3B-Instruct,experiment1,no_hand_strict,scene2,108,scene2::108,scene2_109,"[""PC4""]",[],True,[],False,parsed_response_missing,parsed_response_missing,single,0,0,1,0.0,False,False,git:9354f532c654931c89aafdf52a03ad7c526d1a5c;sha256:d0da7ca2f7437f94
Qwen3-VL-30B-A3B-Instruct,experiment1,no_hand_strict,scene2,168,scene2::168,scene2_169,"[""file3"",""person2""]",[],True,[],False,parsed_response_missing,parsed_response_missing,multi,0,0,2,0.0,False,False,git:9354f532c654931c89aafdf52a03ad7c526d1a5c;sha256:d0da7ca2f7437f94
Qwen3-VL-30B-A3B-Instruct,experiment1,no_hand_strict,scene2,172,scene2::172,scene2_173,"[""chair4""]",[],True,[],False,parsed_response_missing,parsed_response_missing,single,0,0,1,0.0,False,False,git:9354f532c654931c89aafdf52a03ad7c526d1a5c;sha256:d0da7ca2f7437f94
Qwen3-VL-30B-A3B-Instruct,experiment1,no_hand_strict,scene2,181,scene2::181,scene2_182,"[""chair5""]",[],True,[],False,parsed_response_missing,parsed_response_missing,single,0,0,1,0.0,False,False,git:9354f532c654931c89aafdf52a03ad7c526d1a5c;sha256:d0da7ca2f7437f94
Qwen3-VL-30B-A3B-Instruct,experiment1,no_hand_strict,scene2,188,scene2::188,scene2_189,"[""chair6""]",[],True,[],False,parsed_response_missing,parsed_response_missing,single,0,0,1,0.0,False,False,git:9354f532c654931c89aafdf52a03ad7c526d1a5c;sha256:d0da7ca2f7437f94
Qwen3-VL-30B-A3B-Instruct,experiment1,no_hand_strict,scene2,281,scene2::281,scene2_282,"[""file4"",""desk8""]",[],True,[],False,parsed_response_missing,parsed_response_missing,multi,0,0,2,0.0,False,False,git:9354f532c654931c89aafdf52a03ad7c526d1a5c;sha256:d0da7ca2f7437f94
Qwen3-VL-30B-A3B-Instruct,experiment1,no_hand_strict,scene2,329,scene2::329,scene2_330,"[""PC4""]",[],True,[],False,parsed_response_missing,parsed_response_missing,single,0,0,1,0.0,False,False,git:9354f532c654931c89aafdf52a03ad7c526d1a5c;sha256:d0da7ca2f7437f94
Qwen3-VL-30B-A3B-Instruct,experiment1,no_hand_strict,scene2,334,scene2::334,scene2_335,"[""lamp3""]",[],True,[],False,parsed_response_missing,parsed_response_missing,single,0,0,1,0.0,False,False,git:9354f532c654931c89aafdf52a03ad7c526d1a5c;sha256:d0da7ca2f7437f94
Qwen3-VL-30B-A3B-Instruct,experiment1,no_hand_strict,scene2,370,scene2::370,scene2_371,"[""chair3"",""desk7""]",[],True,[],False,parsed_response_missing,parsed_response_missing,multi,0,0,2,0.0,False,False,git:9354f532c654931c89aafdf52a03ad7c526d1a5c;sha256:d0da7ca2f7437f94
Qwen3-VL-30B-A3B-Instruct,experiment1,no_hand_strict,scene2,384,scene2::384,scene2_385,"[""desk5""]",[],True,[],False,parsed_response_missing,parsed_response_missing,single,0,0,1,0.0,False,False,git:9354f532c654931c89aafdf52a03ad7c526d1a5c;sha256:d0da7ca2f7437f94
Qwen3-VL-30B-A3B-Instruct,experiment1,no_hand_strict,scene2,710,scene2::710,scene2_711,"[""PC5"",""chair7"",""door1""]",[],True,[],False,parsed_response_missing,parsed_response_missing,multi,0,0,3,0.0,False,False,git:9354f532c654931c89aafdf52a03ad7c526d1a5c;sha256:d0da7ca2f7437f94
Qwen3-VL-30B-A3B-Instruct,experiment1,no_hand_strict,scene3,123,scene3::123,scene3_124,"[""drone3""]",[],True,[],False,parsed_response_missing,parsed_response_missing,single,0,0,1,0.0,False,False,git:9354f532c654931c89aafdf52a03ad7c526d1a5c;sha256:d0da7ca2f7437f94
Qwen3-VL-30B-A3B-Instruct,experiment1,no_hand_strict,scene3,140,scene3::140,scene3_141,"[""car4"",""building1""]",[],True,[],False,parsed_response_missing,parsed_response_missing,multi,0,0,2,0.0,False,False,git:9354f532c654931c89aafdf52a03ad7c526d1a5c;sha256:d0da7ca2f7437f94
Qwen3-VL-30B-A3B-Instruct,experiment1,no_hand_strict,scene3,544,scene3::544,scene3_545,"[""building1"",""car2"",""car1""]",[],True,[],False,parsed_response_missing,parsed_response_missing,multi,0,0,3,0.0,False,False,git:9354f532c654931c89aafdf52a03ad7c526d1a5c;sha256:d0da7ca2f7437f94
Qwen3-VL-30B-A3B-Instruct,experiment1,no_hand_strict,scene3,585,scene3::585,scene3_586,"[""car2"",""car3"",""drone3"",""spotB""]",[],True,[],False,parsed_response_missing,parsed_response_missing,multi,0,0,4,0.0,False,False,git:9354f532c654931c89aafdf52a03ad7c526d1a5c;sha256:d0da7ca2f7437f94
Qwen3-VL-30B-A3B-Instruct,experiment1,no_hand_strict,scene3,597,scene3::597,scene3_598,"[""car3"",""spotB"",""car2""]",[],True,[],False,parsed_response_missing,parsed_response_missing,multi,0,0,3,0.0,False,False,git:9354f532c654931c89aafdf52a03ad7c526d1a5c;sha256:d0da7ca2f7437f94
Qwen3-VL-30B-A3B-Instruct,experiment1,no_hand_strict,scene4_room1,72,scene4_room1::72,scene4_73,"[""curtain1"",""stove""]",[],True,[],False,parsed_response_missing,parsed_response_missing,multi,0,0,2,0.0,False,False,git:9354f532c654931c89aafdf52a03ad7c526d1a5c;sha256:d0da7ca2f7437f94
Qwen3-VL-30B-A3B-Instruct,experiment1,no_hand_strict,scene4_room2,140,scene4_room2::140,scene4_141,"[""broom"",""sink""]","[""broom""]",True,[],False,partial_invalid_object_name,partial_invalid_object_name,multi,1,0,1,0.6666666666666666,False,True,git:9354f532c654931c89aafdf52a03ad7c526d1a5c;sha256:d0da7ca2f7437f94
Qwen3-VL-30B-A3B-Instruct,experiment1,no_hand_strict,scene4_room2,155,scene4_room2::155,scene4_156,"[""mop"",""sink""]","[""mop""]",True,"[""floor""]",False,partial_invalid_object_name,partial_invalid_object_name,multi,1,0,1,0.6666666666666666,False,True,git:9354f532c654931c89aafdf52a03ad7c526d1a5c;sha256:d0da7ca2f7437f94
Qwen3-VL-30B-A3B-Instruct,experiment1,no_hand_strict,scene4_room4,168,scene4_room4::168,scene4_169,"[""bench""]","[""bench"",""dining_table""]",True,[],False,partial_invalid_object_name,partial_invalid_object_name,single,1,1,0,0.6666666666666666,False,True,git:9354f532c654931c89aafdf52a03ad7c526d1a5c;sha256:d0da7ca2f7437f94
Qwen3-VL-30B-A3B-Instruct,experiment1,no_hand_strict,scene5,13,scene5::13,scene5_14,"[""drone2"",""warehouseD""]",[],True,[],False,parsed_response_missing,parsed_response_missing,multi,0,0,2,0.0,False,False,git:9354f532c654931c89aafdf52a03ad7c526d1a5c;sha256:d0da7ca2f7437f94
Qwen3-VL-30B-A3B-Instruct,experiment1,no_hand_strict,scene5,49,scene5::49,scene5_50,"[""drone2"",""warehouseC""]",[],True,[],False,parsed_response_missing,parsed_response_missing,multi,0,0,2,0.0,False,False,git:9354f532c654931c89aafdf52a03ad7c526d1a5c;sha256:d0da7ca2f7437f94
Qwen3-VL-30B-A3B-Instruct,experiment1,no_hand_strict,scene5,387,scene5::387,scene5_388,"[""drone3"",""warehouseC""]",[],True,[],False,parsed_response_missing,parsed_response_missing,multi,0,0,2,0.0,False,False,git:9354f532c654931c89aafdf52a03ad7c526d1a5c;sha256:d0da7ca2f7437f94
Qwen3-VL-30B-A3B-Instruct,experiment1,no_hand_strict,scene5,529,scene5::529,scene5_530,"[""person1"",""oil_tank1""]",[],True,[],False,parsed_response_missing,parsed_response_missing,multi,0,0,2,0.0,False,False,git:9354f532c654931c89aafdf52a03ad7c526d1a5c;sha256:d0da7ca2f7437f94
Qwen3-VL-30B-A3B-Instruct,experiment1,no_hand_strict,scene5,631,scene5::631,scene5_632,"[""drone2"",""oil_tank4""]",[],True,[],False,parsed_response_missing,parsed_response_missing,multi,0,0,2,0.0,False,False,git:9354f532c654931c89aafdf52a03ad7c526d1a5c;sha256:d0da7ca2f7437f94
